{
  "NO2": {
    "p25": 1.746146153891459e-05,
    "p50": 2.3972304916242138e-05,
    "p75": 3.3051895115931984e-05,
    "p90": 4.571585923258689e-05,
    "p99": 8.560396767279602e-05
  },
  "SO2": {
    "p25": 8.926022564992309e-05,
    "p50": 0.0002040229010162875,
    "p75": 0.00037006336788181216,
    "p90": 0.0005898621748201549,
    "p99": 0.001284401980228722
  },
  "O3": {
    "p25": 0.11051198467612267,
    "p50": 0.11469163745641708,
    "p75": 0.11848127096891403,
    "p90": 0.12187820672988892,
    "p99": 0.12850770354270935
  }
}