{
  "generado_utc": "2026-05-18T17:43:50.304387+00:00",
  "n_pares": 1500,
  "n_secuencias": 30,
  "clases": [
    "contaminacion_alta_NO2",
    "contaminacion_alta_SO2",
    "ozono_anomalo",
    "vegetacion_densa",
    "suelo_urbano"
  ],
  "tile_pix": 64,
  "bandas_s2": [
    "B1",
    "B2",
    "B3",
    "B4",
    "B5",
    "B6",
    "B7",
    "B8",
    "B8A",
    "B9",
    "B11",
    "B12",
    "SCL"
  ],
  "percentiles": {
    "NO2": {
      "p25": 1.746146153891459e-05,
      "p50": 2.3972304916242138e-05,
      "p75": 3.3051895115931984e-05,
      "p90": 4.571585923258689e-05,
      "p99": 8.560396767279602e-05
    },
    "SO2": {
      "p25": 8.926022564992309e-05,
      "p50": 0.0002040229010162875,
      "p75": 0.00037006336788181216,
      "p90": 0.0005898621748201549,
      "p99": 0.001284401980228722
    },
    "O3": {
      "p25": 0.11051198467612267,
      "p50": 0.11469163745641708,
      "p75": 0.11848127096891403,
      "p90": 0.12187820672988892,
      "p99": 0.12850770354270935
    }
  },
  "balance_por_split": {
    "train": {
      "contaminacion_alta_NO2": 263,
      "contaminacion_alta_SO2": 183,
      "ozono_anomalo": 165,
      "vegetacion_densa": 289,
      "suelo_urbano": 150,
      "_total": 1050
    },
    "val": {
      "contaminacion_alta_NO2": 56,
      "contaminacion_alta_SO2": 40,
      "ozono_anomalo": 35,
      "vegetacion_densa": 62,
      "suelo_urbano": 32,
      "_total": 225
    },
    "test": {
      "contaminacion_alta_NO2": 57,
      "contaminacion_alta_SO2": 39,
      "ozono_anomalo": 35,
      "vegetacion_densa": 62,
      "suelo_urbano": 32,
      "_total": 225
    }
  },
  "balance_global": {
    "contaminacion_alta_NO2": 376,
    "contaminacion_alta_SO2": 262,
    "ozono_anomalo": 235,
    "vegetacion_densa": 413,
    "suelo_urbano": 214
  }
}