{
  "generado_utc": "2026-05-16T01:58:33.862131+00:00",
  "n_pares": 1350,
  "n_secuencias": 30,
  "clases": [
    "contaminacion_alta_NO2",
    "contaminacion_alta_SO2",
    "ozono_anomalo",
    "vegetacion_densa",
    "suelo_urbano"
  ],
  "tile_pix": 64,
  "bandas_s2": [
    "B1",
    "B2",
    "B3",
    "B4",
    "B5",
    "B6",
    "B7",
    "B8",
    "B8A",
    "B9",
    "B11",
    "B12",
    "SCL"
  ],
  "percentiles": {
    "NO2": {
      "p25": 1.746146153891459e-05,
      "p50": 2.3972304916242138e-05,
      "p75": 3.3051895115931984e-05,
      "p90": 4.571585923258689e-05,
      "p99": 8.560396767279602e-05
    },
    "SO2": {
      "p25": 8.926022564992309e-05,
      "p50": 0.0002040229010162875,
      "p75": 0.00037006336788181216,
      "p90": 0.0005898621748201549,
      "p99": 0.001284401980228722
    },
    "O3": {
      "p25": 0.11051198467612267,
      "p50": 0.11469163745641708,
      "p75": 0.11848127096891403,
      "p90": 0.12187820672988892,
      "p99": 0.12850770354270935
    }
  },
  "balance_por_split": {
    "train": {
      "contaminacion_alta_NO2": 189,
      "contaminacion_alta_SO2": 189,
      "ozono_anomalo": 189,
      "vegetacion_densa": 189,
      "suelo_urbano": 189,
      "_total": 945
    },
    "val": {
      "contaminacion_alta_NO2": 40,
      "contaminacion_alta_SO2": 41,
      "ozono_anomalo": 40,
      "vegetacion_densa": 41,
      "suelo_urbano": 40,
      "_total": 202
    },
    "test": {
      "contaminacion_alta_NO2": 41,
      "contaminacion_alta_SO2": 40,
      "ozono_anomalo": 41,
      "vegetacion_densa": 40,
      "suelo_urbano": 41,
      "_total": 203
    }
  },
  "balance_global": {
    "contaminacion_alta_NO2": 270,
    "contaminacion_alta_SO2": 270,
    "ozono_anomalo": 270,
    "vegetacion_densa": 270,
    "suelo_urbano": 270
  }
}